Total score =,55859.25
1,10016,15139,14037,14779
2,13761,15555,14982,15597
3,10016,13761,15139,14373
4,14999,15629,14977,13563
5,14999,14523,15602,10533
6,10016,15139,15533,14979
7,13761,15254,15555,15556
8,13761,15555,13343,15558
9,10016,15254,15555,15558
10,15598,15214,15595,15566
11,10016,13761,14718,15555
12,10016,15510,14605,14612
13,10016,13761,15556,14987
14,10016,13761,14999,12246
15,14362,15556,15584,15592
16,10016,13761,15540,14736
17,10016,13761,14355,15540
18,10016,15584,15589,14612
19,10016,15166,10373,15626
20,10016,13862,15385,12524
21,13862,14362,15555,13755
22,14363,14860,15254,15555
23,10016,14362,15555,14238
24,10016,15163,10373
25,10016,14432,14677,14679
26,10016,14375,15568,12964
27,10016,14999,15555,15556
28,15469,14432,14889,14890
29,10016,15555,14603
30,10016,15215,15532,15533
31,10052,10103,14357,14436
32,14262,13563,14740,15111
33,14037,15536,13322,14677
34
35,12408,15570,15576,15578
36,12408,14860,14497,15256
37,12408,15006,15261,15262
38,12408,15543,15570,15621
39,12408,15555,10202,15595
40,14362,10313,15568,14587
41,10686,14565,10596,12964
42,12408,10197,10396,14432
43,12408,14374,14603,15256
44,15556,15574,14979,15427
45,12408,10690,14379,14758
46,12408,15191,15193,15540
47,14362,10042,13322,10595
48,13997,15385,15122,15576
49,12408,10483,12054,10578
50,13537,14362,15555,14703
51,10232,15154,15427,10594
52,12408,14557,14188,14432
53,15597,15425,13297,10596
54,12408,15378,15322,14677
55,14791,15576,15579
56,15229,14374,14992,10533
57,12408,15427,15513
58,14860,15240,15511,14614
59,10042,10161,15193,14189
60,14860,13977,15298,15571
61,10194,15563,12893,13340
62,14362,14926,15154,14845
63,12408,10103,12256,15265
64,14036,14969,13548,15579
65,14982,15567
66,10159,10160,15534,10588
67,15469,10686,10373,15567
68,13537,14373,15163,12359
69,13537,14363,15197,14189
70,10008,15166,15595,13755
71,14363,13322,14679
72,12408,15306,10531,10606
73,12408,15322,10531,13755
74,12408,10316,14022,10483
75,12408,15166,15163,15564
76,13277,14865,10531,10532
77,15229,14037,15567,15560
78,12408,13089,15215,15268
79,14036,15269,10531
80,14362,14969,12359,10533
81,10050,14969,10194,10197
82,14362,15523,15526,15567
83,15523,14365,14642,15127
84,10042,10289,10290,10532
85,15229,10194,13483,10533
86,10008,15526,10533,10578
87,15623,15154
88,15563,15566,15125
89,12408,13774,15137
90,14791,10104
91,14043,10194,14189,15137
92,15564,13755,15128,15137
93,15420,15623,15565,15110
94,15533,15567,13755,10594
95,12408,10008,10588,15144
96,10194,10532,15135
97,12408,14373,13774,10606
98,15551,15532,14614,15142
99,12524,14743,15533,10479
100,15523,15551,15470,10596
101,12408,13483,10288,15600
102,15138,15146,15147,15148
103,10009,13424,15128
104,15632,12361,10532
105,12408,10102,14139,15382
106,14867,15298,14642,15196
107,15567,10594,12964,13437
108,10008,10195,15166,10478
109,12408,15403,14280,15566
110,12408,14576,15195,15148
111,15568,14022,15532,15516
112,12408,15228,10531
113,12408,10042,15122,10531
114,14362,14642,10312,15110
115,10042,14992,15237,15569
116,14356,15133
117,14036,13997,15385,14022
118,13089,10197,14779,15192
119,12408,15563,10588,10589
120,14189,10531,10533,10588
121,13483,14642,15566,10533
122,15381,15598,15146,15148
123,14940,10195,15533,15140
124,14860,15611,15154,15110
125,10232,13955,10596
126,15419,15229,14373,10313
127,10532,14262
128,13537,15470,15154,10533
129,15470,15601,15578,15125
130,14478,14479,14373,10313
131,12408,14170,12361,14238
132,15468,10312,15040,14587
133,13537,13997,14021,14262
134,13537,14140,15306,15166
135,13537,15608,15629,15557
136,14860,14779,15006,15560
137,15308,15313,12822,14505
138,13537,10167,10168,13075
139,15139,15141,14155,15589
140,13537,15153,14884,15573
141,13537,12822,13322,10595
142,13537,14362,14037,15511
143,13537,14362,14578
144,13537,15214,14884,15622
145,14478,14987,15322,15194
146,13537,13862,12030,12256
147,14036,14373,15425
148,13537,15198,10533,13297
149,14362,10104,13483,13996
150,14992,15575,10585,10606
151,13537,14282,14867,15166
152,13537,10202,15583,10533
153,13537,15543,15575,15580
154,13537,15237,15572,14845
155,13537,15322,15533,15128
156,13537,14982,15532,13297
157,13997,15197,14274,14979
158,13537,14467,13345,14392
159,13537,14170,15568,15118
160,13537,10051,14479,10772
161,13537,10197,14865,10531
162,13537,10042,15381,13322
163,13537,15534,15195,10588
164,13537,15381,14189,13297
165,13537,14373,15470,15532
166,14791,10158,15192,15147
167,13537,10289,10290,15560
168,10197,15385,14576,15470
169,10194,15533,12050,15146
170,13761,14736,15557,15559
171,13761,15556,15554,15006
172,13761,15254,15558
173,13761,14278,14037
174,13761,14860,15555,14278
175,14362,15609
176,13761,15539,15626,13299
177,13761,15556,15582,15621
178,13862,13299,14736,15256
179,14206,14207,14189,14612
180,15166,15623,14436,15559
181,14140,10311,15539,13299
182,14991,13638,13299,15560
183,15155,10194,15628,15582
184,13862,13638,15537,13299
185,15192,10804,14614,14703
186,13862,13996,13997,15427
187,13862,15307,13322,14436
188,13862,12246,14444,15538
189,14373,15539,15626,14612
190,13862,15308,15546,14282
191,13862,10104,13755,13437
192,13862,10103,10104,15534
193,14999,15322,14779,15572
194,10051,10052,10161,10531
195,13862,10104,15597,15191
196,14282,15539,14677,15560
197,15565,14432,14612,12495
198,13862,15254,15576,13344
199,13862,10579
200,10104,10202,15563,15586
201,13862,15537,14189,14482
202,14363,13996,14021,14022
203,15215,10533
204,14036,12893,15133,15135
205,12828,13996,13997,15192
206,15381,15611,15635,15118
207,14791,15403,14282,10578
208,14036,13548,15197,15126
209,14036,14068,15588,14977
210,13483,14758,14759,10373
211,15554,15540,14021,15580
212,14355,14982,14081,15153
213,15598,14557,14439,15154
214,14982,15016,15284,12496
215,14036,14207,15201,15578
216,14036,14940,14759,13755
217,15618,14467,13638,15554
218,15555,15567,15256,15558
219,14036,15254,15571,15589
220,14036,15519,10532,13755
221,14036,15456,10596,10606
222,14036,14982,15292,10585
223,14036,14363,15425
224,14036,14860,12642,15194
225,10104,14139,15154,13755
226,15214,10531,13297,14262
227,14870,14170,15235,15425
228,14036,13997,14374,13345
229,14036,15192,15154,10804
230,14036,14779,15262,10596
231,15628,14779,15575,10588
232,14036,13955,14614,13075
233,15597,10194,15570,15575
234,14036,14317,14615,15512
235,14036,15611,15292,14392
236,15623,15600,10480,15622
237,12030,14982,15122,15537
238,14036,14139,14706,15262
239,14036,14679,14238,13755
240,10194,15191,13299,13755
241,15574,15454,15567,13755
242,15618,10194,14037,14432
243,15543,12642,14188,13340
244,14036,12642,10533,14262
245,15191,15193,15140
246,13755,10606,12496,15111
247,14036,12361,15564,14703
248,14036,14363,14642,15551
249,15551,15194,10578,15142
250,15322,15628,14845,14262
251,14036,14037,15534,15587
252,14036,10232,15197,15533
253,14036,15521,15269,14603
254,14036,14982,13774,14703
255,14362,13424,14432,13755
256,14362,14999,15555
257,14362,15629,15582,15587
258,14362,12246,15309,14845
259,14362,14867,14982,14930
260,15520,14485,10595,12964
261,14362,13955,15569,10478
262,14362,15214,15560,10596
263,12524,14743,10477,10478
264,14362,14444,14993,15612
265,14362,14587
266,14362,15567,10578,15113
267,14362,15532,15425,15115
268,14362,14375,14022,15137
269,14362,15195,10585,15127
270,14362,15625,15214,15427
271,14362,15523,12359,12524
272,14362,14365,10194,10232
273,14138,15122,15292,15533
274,14363,14860,14155,15387
275,14363,14971,14615,15513
276,15254,13424,15578,15558
277,14363,15306,15533,14482
278,14363,15526,15261,15262
279,14363,14037,15006,15261
280,14363,12054,14703,15558
281,15228,15534,13548,15564
282,14363,10232,15536,14557
283,14355,15574,14432,14615
284,14022,15578,14614,15516
285,14363,15214,14373,15199
286,14037,15612,13322,13299
287,14139,14679,15005,15560
288,14363,14274,14679,10589
289,14363,14867,15632,10532
290,14363,14557,15600,15138
291,14363,15569,12909,13075
292,14363,15191,15425
293,14363,14139,14865,10532
294,14363,13483,15563,15580
295,14363,15254,15526
296,14860,13996,15153,14979
297,15040,14188,14590,13299
298,14860,15578,15513,13299
299,14860,15229,14992,14485
300,14860,14280,14022,15557
301,14860,14485,15436,13297
302,13955,15579,15580,15582
303,13371,14982,14037,15586
304,14860,14280,14355,14892
305,13087,10195,15534,15040
306,14860,14170,15579,13344
307,14860,12256,14867,13299
308,14860,14170,15454,15197
309,14860,15229,12642,10686
310,14860,10158,15533,15146
311,14253,15524,13483,15145
312,14999,14557,14188,13322
313,15387,15554,15534,10373
314,14999,14365,15598,15629
315,15628,15629,15292,14392
316,13484,14205,15600,14612
317,15569,15199,14603,14979
318,14999,15192,13755
319,15139,13638,14037,14977
320,15574,14482,14615,14845
321,15254,14987,13299,14262
322,15254,15584,13297,14736
323,14524,12074,14615,15512
324,15228,14278,10373,15582
325,15254,15554,12074,15515
326,10091,14285,15163,15600
327,14188,14590,15583,14238
328,15254,14140,10533,14979
329,15284,15631,15540,15584
330,15254,15307,15308,15427
331,14886,15557
332,10103,15214,15578,15580
333,14992,15612,14779,10531
334,15254,14375,15565,15587
335,15541,10194,15623,15621
336,14677,14262,15005,15558
337,14889,14892,13437,15111
338,10091,13996,14557,14880
339,10158,15635,10533,10595
340,15436,15191,14189,12021
341,15254,14523,14373,15113
342,15420,15625,14377,14870
343,14478,15469,13996,12495
344,15556,14880,15513,10032
345,14557,14485,15278,15436
346,15556,15040,15561,15634
347,10202,14081,14706,14709
348,15556,14374,14379,15153
349,15556,15381,15621
350,14791,12301,15055,15513
351,10113,12246,14140,15626
352,15403,15155,15306,14021
353,14791,14170,14779,14605
354,14615,14703,10032,15262
355,14791,10397,15201,15602
356,14791,13955,10804,15055
357,14791,15564,15256,15557
358,14791,15623,15566,10532
359,14791,10042,14614,15512
360,14791,15403,13977,15298
361,14791,15166,15578,15579
362,14791,14992,14993,15163
363,15403,10050,10051,14189
364,14791,15403,10257,10686
365,14791,15306,13371,10578
366,14791,14278,15526,15511
367,10257,10686,14375,14845
368,14170,15565,15567,15118
369,15403,10195,13483,15055
370,15532,15580,15126,15127
371,14791,15403,15523,14274
372,14791,14576,15195,15564
373,14791,15298,10197,15564
374,15543,13371,15524,12126
375,15403,15521,15579,14977
376,15403,15521,14779,15194
377,15403,15125,15126,15127
378,13483
379,14806,14524,14274,15558
380,14806,14374,15570,15579
381,15508,15532,15580,15587
382,14806,10113,15308,10168
383,14806,14357,15631,14238
384,14603,14238,14703,15514
385,14806
386,14806,15579,15584,10606
387,14806,14478
388,10049,10050,14204,14170
389,14806,14170,14274,13297
390,14806,15192,15583
391,15623,15425
392,14806,10159,14189,10532
393,15403,12246,14189,14740
394,13955,15122,15575,15576
395,15192,15564,15580,15587
396,15403,15307,12030,14189
397,15403,10042,14280,13548
398,14188,15154,15579,15138
399,15403,15381,13483,13297
400,15579,15517,15055,13755
401,15508,15509,10484,14692
402,15508,14234,14605,15448
403,15508,14357,14155,13299
404,15508,14992,14436,14505
405,15508,15526,12359,14170
406,15508,14930,15579,14614
407,15508,14992,15163,13344
408,15508,15552,15122,15579
409,15508,15509,15215,15055
410,14971,15608,15629
411,15573,15631,15055
412,12074,15514,15515,14736
413,15509,10083,14971
414,15509,14557,15585,15055
415,15509,10042,15601,15585
416,15509,15564,15592,15055
417,10042,15214,15215,15111
418,10042,14845,14977,15513
419,10042,14140,15155,15545
420,10051,14614,14979
421,10042,15574,13344,13345
422,12256,14465,15122,10606
423,10042,14940,15618,10531
424,10042,12030,12256,15197
425,10042,10008,15215,10288
426,10042,15331,10197,14992
427,10042,15229,13955,15567
428,10042,14374,12359,14392
429,10042,10772,15269,10585
430,10042,10049,10051,15617
431,13371,14253,10533,15140
432,15110,15115,15146,15148
433,10042,14188,10533
434,10042,10589,12909,15140
435,10042,15598,15110,15135
436,10042,13997,10289,15512
437,10042,15563,15580,15126
438,10042,14969,15122,13075
439,10042,14357,10197,15138
440,10042,15532,15563,15115
441,10042,10195,15195,15564
442,10042,14524,14253,15623
443,10290,14576,15569,13437
444,10042,14274,10578,15145
445,10042,14706,15197,15126
446,13371,10202,14374,15552
447,15278,15436,15572,13755
448,14022,15533,14979,15512
449,10167,14465,10288,15199
450,15468,14642,15611,15512
451,10047,14274,14587,13322
452,14478,10257,15284,14274
453,10197,13483,10606
454,10047,15543,14355,14262
455,15297,15398,10232,12359
456,10047,15378,15597,13277
457,10047,15543,10531,12496
458,15598,10373,10531,15128
459,15195,15601,14590,15560
460,13089,14743,10533
461,12828,10531,12021,15148
462,10047,10008,15533,15125
463,10102,14138,15214,15110
464,10047,15166,10532,15148
465,10047,10197,15146
466,15598,15632,14021,10531
467,10049,14565,15387,14615
468,15278,15572,15573,15631
469,15322,15571,15192,15576
470,14277,14940,14971,14253
471,15016,15198,15199,14615
472,10051,14865,10373
473,10052,15536,14642,14612
474,15122,15573,12524,14743
475,10288,15163,15611,10585
476,10049,14940,15632,14642
477,10049,15632,15569,15564
478,14138,10373,10589,13075
479,10596,15127,15133,15142
480,10052,10160,15110,15127
481,10049,10051,10009,15382
482,10049,14971,14043,15566
483,10050,15420,10396,15198
484,10050,10052,15193,13075
485,10103,11890
486,10052,13483,10531,15427
487,10195,10478,10595,12964
488,15166,13955,15122,15569
489,10067,14971
490,14278,14584,15278
491,10083,14277,14940,15469
492,10083,14971,14603,10578
493,10083,15536
494,10083,13087,14940,14578
495,10083,14991,15545,14977
496,10083,14085,14940,14971
497,10084,14615,14845,15512
498,10084,14524,14557
499,12828,14356,15633,15304
500,12828,14081,14662,15517
501,14524,15308,15309,15322
502,12828,13088,15611,14590
503,12828,10532,15138,15147
504,12828,10008,12359,15196
505,13088,13089,13090,10104
506,15379,10257,15572,15292
507,13087,13088,15378,10102
508,13087,13977,14576,14603
509,15580,12021,13340
510,13087,10103,14467,14706
511,14479,15040,10483
512,15568,15196,10589,15125
513,13774,15621,14979,15140
514,10161,13371,15511,14603
515,15419,10312,15195,14603
516,10102,14709,12909,10606
517,15378,14890,15425,13297
518,13088,15608,15609,15619
519,13088,13090,15598,13548
520,14379,14565,14759,15387
521,15297,15569,15199,15600
522,10202,13277,15385,15322
523,13089,15040,10483,15463
524,10091,14612,10594,10595
525,15617,14037,15536,15551
526,14277,15617,14884,15511
527,14170,15122,15579,12893
528,14479,14465,13996,15569
529,14478,15382,15570,12964
530,15382,15166,15196,14188
531,14280,13955,15055,15118
532,15198,10484,14692,10588
533,14524,14357,15534,14189
534,15523,15524,15579,15583
535,14524,15628,15629,15292
536,14523,14356,12021,12893
537,12642,14977,15514
538,14523,10316
539,14523,10091,15526,10533
540,10202,15197,15115,15118
541,14523,10313,15195,15115
542,10161,10195,15533
543,15382,13977,14867,10533
544,13548
545,15625,15563,15516
546,14523,10158,15193,12909
547,14642,10589
548,14982,13483,15551,14022
549,10091,10104,14138,14043
550,10397,15256,15558,15559
551,15419,13322,14432,15449
552,15307,10158,10159,10160
553,15621,14679,13755,15559
554,14940,15624,15552,14482
555,15304,14779,14603,15585
556,14940,15297,15198,15602
557,14940,15523,15055,15513
558,15526,12359,14238,15516
559,14940,14576,14578
560,14971,10772,14612,15128
561,14969,14926,14274,14930
562,14969,15510,15579,15586
563,14969,10686,15163,10531
564,14969,15307,15322,10596
565,15385,15551,10478,15566
566,14355,15196,14677,15110
567,14969,14355,13955,13297
568,14865,10396,10397,14703
569,15575,15589
570,14377,15387,15613,13297
571,15617,14037,14703,13299
572,14971,15628,15629,10606
573,10690,14374,13344,13345
574,14971,15122,13437,15144
575,15109,15229,15166,15596
576,15378,10194,15609,15628
577,15543,10032,15006,15261
578,15378,15632,14926
579,15419,10008,15381,15511
580,15378,15381,15122,12361
581,15379,15419,10195,15127
582,14373,15534,15268,15563
583,10091,10257,15511,10532
584,15419,15197,10479,15147
585,15379,15436
586,15379,15618,15600,14482
587,10396,15296,15601,14022
588,15379,15420,15582,14679
589,15379,13277,15567,14482
590,15379,15468,10166,15331
591,15419,15420,14584,14703
592,10160,15192,15560,15133
593,10288,15126,15138,15148
594,15420,14138,13344,13345
595,15420,15584,14612,15558
596,15591
597,15468,15618,14140,15456
598,15468,15306,14282,14930
599,15468,15307,10202,12909
600,15468,14467,14614,10606
601,15468,15534,14022,13340
602,15468,15618,10373,15587
603,15543,14845,13755,14262
604,15534,14779
605,15617,15614,15601,10477
606,15617,15278,14274
607,15617,10686,15612,15570
608,15617,15570,15582,14392
609,14155,15387,14022,13755
610,10008,10168,14867
611,10008,12030,10804,13322
612,10008,10009,12030,12126
613,12126,15456,15154,15563
614,14365,10197,14373,15539
615,10009,11890,14356,14238
616,10102,14357,15632,15269
617,13424,15265,15268,15115
618,10102,15537
619,14642,10313,13955,10478
620,10091,10103,15127,15148
621,10194,14576,15192,15565
622,14373,12361,14432,15140
623,10008,14373,12361,15191
624,10532,12909,13075
625,10008,13774,15533,15128
626,10195,15193,15516,15126
627,15551,14576,15192,15125
628,10533,15425,10595,13437
629,15381,14373,15195,12964
630,10008,10091,14576,14274
631,10104,13483,10289,10290
632,14642,15534,10312,15470
633,10008,15521,13548,15140
634,13424,14188,15566,15425
635,15623,15128,15142,15144
636,10008,15191,10606,15127
637,10686,15385,15194,14238
638,10168,14045,15573
639,14282,14867,12126,15456
640,10009,13322,14238,13297
641,11890,12030,10532,15005
642,10161,15523,15552,12524
643,10009,15598,10195,12496
644,10091,12256,14282,10531
645,10009,10102,14926,10585
646,10009,12030,15540,12052
647,10091,10195,15623,14238
648,10009,10102,15382,15115
649,14576,15565,10532,15148
650,10009,14590,10589,15125
651,10009,10313,10606
652,10091,10103,14138,14139
653,14373,15551,15470,14743
654,10009,10197,15512,10589
655,10009,15192,10531,15146
656,10009,14037,15600,10594
657,15541,10477,10588,15615
658,14139,15521,10257,13997
659,15196,12909,13075,15138
660,10197,15194,13340,15147
661,15381,14642,14170,14614
662,10161,14188,13297,15147
663,10009,15623,10686,13996
664,15382,15521,15193,15425
665,15578,15427,15560,15142
666,14139,10588,12909,15125
667,10009,15382,10313,15137
668,14140,15155,14355,13299
669,10091,10161,12030,14926
670,15586,15560,10594,10596
671,10102,14138,10312
672,10161,15427,15513,10595
673,10102,13322,12909,12496
674,12030,15551,14576,15568
675,10091,11890,12256,14743
676,15194,13340
677,15632,13277,15568,15569
678,14465,14703,15512,15516
679,15322,15621,14977
680,10102,15381,12030,15526
681,10103,14043,15521,14060
682,14375,13548,12361,15425
683,14467,15601,14977,13344
684,10232,10478,14603,10804
685,14140,15526,15564,14612
686,10091,10102,15193,10478
687,10091,10102,15521,10532
688,14743,10532
689,14557,15196,15154,15148
690,13483,14204,14576,10588
691,14779,15193,15533,15148
692,10102,14642,10588,13075
693,15636,15513,14262,10595
694,10104,13483,15552,10588
695,14138,10533,15144
696,15387,15191,15578,15560
697,10102,15195,15196,10533
698,10091,12361,15194,15195
699,15623,10772,10312,15566
700,10102,15521,15526,15470
701,10531,10533,15425
702,15597,15214,14037,10589
703,15110,15133,15135,15148
704,15523,10772,15268,12359
705,15191,14590,15563,15005
706,15193,10533
707,15526,15194,15195,15147
708,13774,15196,10533,15138
709,10103,10396,10397,14692
710,10103,14982,15284,15588
711,10104,10804,12822,14612
712,14045,14285,15398,10585
713,11890,15016,10531,14482
714,10690,15153,12359,15511
715,11890,15040,12524,14743
716,15194,15196,13344,14392
717,12030,15526,14170,15626
718,10104,15016,15456,13345
719,10103,14139,14373,14642
720,10103,14578,15621,14977
721,10166,14576,15199,10531
722,15322,13344,13345,14392
723,14444,14446,14253,12871
724,14139,15306,10232,10606
725,14139,12030,12360,14482
726,10104,14977,15513,10595
727,15307,14374,15573,13345
728,10103,10160,15551,13075
729,14138,15268,14432,13345
730,14139,11890,15154,14614
731,10103,14870,12126,14587
732,10158,15292,14603,15575
733,15521,15196,12126
734,10159,10160,10477,15563
735,10103,14444,14446,15533
736,10104,14356,14365,13578
737,14138,14467,15215,10316
738,10483,10484,14612,10594
739,10104,10772,13774,15566
740,14138,10195,15385,15194
741,10194,15292,12021,15142
742,14021,14439,14614,15125
743,14043,15551,15110,15138
744,14446,15546,14189,14482
745,10113,12246,14373,14736
746,15519,15613,14485,15573
747,15540,15626,13297,13299
748,10113,14140,14465,15519
749,15308,14612,14845,15513
750,14140,15546,15015,14977
751,10113,14140,15537,15560
752,14991,15155,15194,14892
753,10113,15539,15626,14612
754,14140,15155,15546,14614
755,14140,15309,15628,15560
756,12246,15519,13277,15626
757,10113,12246,15545,14977
758,10113,15193,12074,15514
759,15546,15513,13299,14262
760,12246,14140,10589,12909
761,10113,12246,15306,10166
762,12246,10167,14930
763,10113,12246,15519,15214
764,10113,14444,15155,14432
765,15307,15015,14578,15539
766,10113,15545,15546,10589
767,12246,15546,15040,13437
768,11890,15522,15523,15192
769,12256,14982,12822,13322
770,14890,10588,12909
771,14138,12030,15256
772,15510,14432,14703,14845
773,14138,15198,12893
774,14365,10532,15425
775,14203,15624,14238
776,15298,14432,14677,14262
777,14357,14706,15322,15292
778,14138,13371,14706,15135
779,14138,14139,14642
780,14138,15381,14022,10532
781,14139,14207,15168,15624
782,14139,15600,10483
783,14465,15576,15584,14845
784,14139,10316,14274,15456
785,15155,15308,15557,15558
786,15623,15511,14614,15512
787,14140,14821,15546,15526
788,14140,15308,15309,10547
789,15546,15540,15626,14736
790,14140,15155,15546,10531
791,14140,14987,14060,14740
792,14140,14444,15309,15545
793,14140,15306,13484,14584
794,14140,14444,15313,15629
795,15608,15609
796,14140,14444,15520,15539
797,14140,10289,10290,15006
798,15307,15523,15331,13996
799,10194,15537,15540,14274
800,15308,14465,15522,15512
801,12030,12126,15456,14482
802,14140,15309,14886,15256
803,14140,15519,15516,12496
804,14140,15308,15309,14979
805,14140,15313,15545,15537
806,14140,15313,14282,13955
807,14444,15519,15540,14979
808,10166,10167,15611,15612
809,14444,15313,15331,15622
810,14446,13977,15298,10533
811,14444,15306,15331,14930
812,15306,15545,14465,14993
813,14987,14285,15347,15628
814,15155,15545,14365,14865
815,14988,15597,15534,15006
816,15619,14615,14979,15427
817,14991,15306,14189,14238
818,15619,15628,15292,15575
819,10202,13277,14642,14274
820,14988,15545,10159,10533
821,14991,15307,15546,10532
822,14991,14045,14470,15538
823,14991,14373,15540,12822
824,14991,15537,15576,15513
825,15520,14373,15551,12495
826,10167,15622,14736,15256
827,15546,14467,15035,15526
828,15545,12030,12256,14282
829,13484,15015,10032,15262
830,15229,14870,15511,15436
831,15237,15568,13107,10531
832,15543,14612,13297,15261
833,14207,15561,13344,13345
834,15591,14736,15256,15559
835,14280,15214,12074,15006
836,15228,15541,10158,14207
837,14278,15526,15554,13561
838,15154,15570,15586,15589
839,14578,15582,15587,15589
840,14081,15015,15612,14679
841,15228,14870,15387,15040
842,15228,15541,14436,14891
843,15541,13955,13345
844,15228,15611,15612,15576
845,15586,15587,15621,14482
846,14280,15214,15584,14262
847,15228,14557,14758,14759
848,14155,15154,15582,15513
849,15229,15526,14557,14022
850,15633,15168,15194,14482
851,15534,14485,15278,15579
852,15228,15543,13484,15304
853,14207,10396,12301,15602
854,14375,14377,14758,15612
855,14565,15387,15511,14614
856,15322,15537,12074,15560
857,12074,15055,15513,15515
858,15228,15016,15596,15385
859,15541,14982,15563,15576
860,14880,15040,15584,14234
861,10690,14565,15055,15427
862,15580,14615,14845,15516
863,14207,15304,15596,15624
864,15228,15040,10373,13437
865,10032,15005,13561,15111
866,15228,15436,15573,12495
867,15168,15304,15398,14274
868,15228,14886
869,15228,13996,13344,14392
870,14867,15331,14021,13755
871,15278,15571,14432,15425
872,15624,14992,15511,10531
873,15228,10289,10290,14584
874,15229,14578,12524,14743
875,14375,13344,13345,14392
876,13484,15015,10373,13297
877,10804,14677,13344,14392
878,15214,10373,15570,13344
879,15229,14677,14392
880,15278,15565,14614,14979
881,15541,14642,14603,14677
882,14867
883,13371,14253,13277,15005
884,10232,15512,12496
885,14642,14992,10532
886,14642,15284,15576,14482
887,13548,15192,15193,15532
888,15228,15564,15135
889
890,15543,15596,14557,14274
891,15229,14280,12495
892,15597,14205,14206,15304
893,14155,15582,14615,14845
894,13859,15111,15615,15634
895,13322,14677,14679,14615
896,15229,13955,14677
897,15229
898,15229,14867,15564,14612
899,15127,15133,15137,15144
900,14280,14865,15511,15127
901,12361,14188,15532,15118
902,15623,15564,14977,15137
903,10312,13548,10531,15118
904,13424,15196,15125
905,13638,13484,15621,14262
906,14282,15040,15510,13548
907,15308,15313,15331,15197
908,14642,14482,14977,15513
909,15537,15538,14677,14482
910,15519,13638,14614,15427
911,15307,15546,13484,15040
912,15306,15307,15545,15519
913,15545,15546,14081,14064
914,15307,14867,14373,15537
915,15308,15545,15568,15539
916,15306,10166,10167,14612
917,15307,15545,13322,12495
918,14274,14587,10532,14886
919,13322,14482,14886,15559
920,15313,14373,15539,15626
921,15309,15313,10160,12496
922,10686,15278,15572,15256
923,15306,15307,14926,14703
924,10288,10289,15626,12126
925,15309,11890,15040,10532
926,15306,14467,15534,15197
927,15538,14189,12021,13340
928,15597,14993,14189,15622
929,10396,10397,15602,15538
930,15308,15313,14590,14677
931,15307,15298,10477,12822
932,14982,13705,14436,15517
933,15308,15546,14282,14612
934,14465,15040,15537,14736
935,15308,15309,15193
936,15308,10159,13322,12909
937,15546,13484,15537,15539
938,14677,14679,14891
939,14282,13977,15298,10532
940,15313,10202,12642,14204
941,15313,15551,15154,15559
942,15313
943,10397,14692
944,10197,13107,13578,10477
945,15551,15192,15193,15537
946,15545,15163,15611,14189
947,15382,14467,14373,15537
948,12256,15534,12361,10478
949,15382,10477
950,15382,14993,15197,15118
951,15382,10197,15196,15532
952,15381,15115,15145,15146
953,15381,10158,15569
954,15382,14982,14373,15146
955,15382,15521,14576,12871
956,15521,10594,12964,15125
957,14642,14992,15115,15140
958,15381,14274,14587,10533
959,15381,15192,15532,15137
960,15382,10195,14203,15568
961,15382,13548,15194,10588
962,15633,10772,10606,15140
963,14467,15582,14238,14977
964,15541,15585,15586,15561
965,15541,14436,14677
966,15191,15193,15579,15055
967,15597,13297,13299,12495
968,15521,14867,15576,15621
969,15541,15122,15576,15580
970,15541,15624,14612,15425
971,15541,15632,15633,15511
972,15541,15543,15006,12893
973,13277,15154,15005
974,15541,10686,15055,15615
975,15541,15322,14432,14679
976,10686,10690,14992,15582
977,15541,15570,15579,15586
978,14576,15569,12361,14845
979,15597,14865,15040,15558
980,15625,14992,15585,15586
981,15543,14759,14485
982,13997,14155,14880,15153
983,14867,14605,15449,15517
984,15543,14679,10032,15262
985,14278,15166,15005,15262
986,14355,15551,15565,13345
987,15563,14238,14482,10594
988,14280,10312,10478
989,15543,14204,12893,13340
990,13977,15298,15135,15144
991,15543,14355,14642,15154
992,10159,15284,15551,10289
993,15545,13977,15322,15567
994,15519,13638,10804
995,15194,15195,15137,15138
996,15195,15196,15456
997,15524,15526,14373,14576
998,13548,15194,15196,15137
999,10159,15144,15146,15148
1000,15322,14022,15115,15147
1001,10158,10595,12964,15148
1002,10160,15626,13578,15256
1003,15193,10480,12053,10532
1004,15195,15128,15133,15142
1005,10194,15166,15563,15512
1006,10159,10161,10197
1007,15523,15524,15196,10480
1008,10160,15215,14373,15563
1009,15569,15197,15154,15565
1010,15196,15565,13297,10606
1011,15623,15563,10533,15135
1012,14355,15195,15196,15140
1013,10166,10167,15623,15198
1014,15166,13077,13198,14737
1015,10168,14467,14703,15514
1016,10168,13638
1017,14285,15035,15552
1018,10168,14045,14482,14064
1019,10168,14285,15519,15322
1020,14285,15035,15520,15214
1021,14703,14845,15425,15512
1022,14045,14285,15016,14930
1023,15297,15284,15198
1024,14282,15551,15575,15588
1025,14282,15526,12360,13299
1026,12256,15537,13299,15561
1027,15040,10804,14432,15055
1028,11890,12360,12361,12524
1029,12256,14365,15198,14977
1030,11890,14465,15194,15196
1031,12256,14703,10594,13437
1032,11890,14465,10531,13344
1033,11890,14465,14867,14709
1034,15454,10531,15560,13344
1035,12256,14642,15571,14262
1036,12256,14373,12822,10589
1037,11890,10289,15278,15193
1038,14282,12642,10480,12051
1039,14982,14926,15194,15196
1040,12256,14037,15565,14432
1041,15193,14432,14679,15559
1042,11890,14465,14379,10588
1043,11890,14576,15110,15135
1044,10396,15601,10483,12054
1045,15537,15539,10477,15261
1046,14043,10690,14377,15628
1047,14043,15521,15261,15262
1048,12642,14207,12301,15296
1049,15521,14379,14870,15554
1050,14043,14993,15163,15571
1051,14043,14982,10533,13437
1052,14043,15195,14603,14677
1053,14043,15521,15533,15126
1054,15526,15598,15194,15118
1055,14045,14285,13484,15601
1056,14045,15538,10531
1057,15214,14234,14505,14679
1058,14614,14703,15512,14262
1059,15526,14884,14274,15516
1060,15582,15584,15621,15463
1061,15598,15632,14603,15584
1062,14278,15513,14736,15559
1063,15586,15588,15621
1064,14356,15168,15624
1065,14278,15511,14485,15436
1066,14278,14280,14603,15586
1067,14060
1068,15585,15586,14736,15559
1069,15168,15595,15596,15511
1070,14278,15574,14886,15559
1071,14278,14867,15632,13297
1072,15536,10312,10313,13705
1073,10690,15554,14884,15235
1074,15297,15575,15580,10588
1075,13277,14021,15532,15533
1076,14280,15536,15574,15559
1077,15166,15554,15626,13345
1078,14278,15597,14590,15532
1079,14982,14375,14557,14262
1080,10232,15511,15573,15621
1081,12360,14677,14679,13297
1082,13997,14374,14992,15569
1083,15567
1084,14578,10531,14979,14392
1085,15163,15611,15612,15571
1086,14278,14982,10690,14374
1087,15523,13277,10686,14885
1088,14278,14280,15154,15558
1089,13977,15298,12642,15533
1090,13548,14021,10532,14238
1091,10194,15623,14576,15192
1092,13483,14584,15622,14262
1093,14278,15524,15138
1094,15278,15575,15592,13299
1095,14439,15575,15578,15516
1096,14280,14982,15575,15621
1097,14280,15632,10686,13996
1098,10686,14375,14379,15511
1099,14982,10232,13548,15566
1100,14280,13483,15567,14238
1101,15623,10288,10289,10290
1102,10194,15566,15126,15144
1103,15198,15199,15601,10483
1104,14282,15214,12909,15146
1105,14465,15632,10532,15557
1106,14465,14482,15557
1107,15570,15580,15582,15586
1108,15510,15198,15201,15601
1109,14465,14355,15197,10480
1110,14467,14867,15122,13578
1111,15015,15166,14505,14703
1112,15519,13638,14373,14642
1113,15520,14081,15015,13299
1114,13483,15575,10594,10595
1115,15521,15582,15583,15584
1116,13371,14253,14867,14578
1117,13371,14557,14703,15005
1118,13371,14557,15385,15569
1119,15598,13322,14677,14238
1120,13371,14253,15575,15579
1121,13371,10533
1122,14253,15632,14238,15512
1123,14253,14357,10232,15110
1124,14253,12050,15128,15145
1125,13371,14188,15565,15127
1126,13371,14253,15304,15564
1127,14253,15571,15567,15118
1128,15298,13410,14977
1129,13977,15597,13548,10531
1130,13977,14356,15583,14679
1131,13977,14867,14584,15575
1132,13977,15511,14188,15567
1133,14867,13484,14081,15197
1134,12642,15166,15623,10288
1135,14867,15304,15601,14238
1136,14867,14605,15449,15517
1137,14867,12987,14578,15561
1138,14867,15536,15568,14432
1139,14867,14365,15122,15512
1140,15597,14207,15040,12495
1141,14867,14205,14206,15601
1142,14867,10202,15040,10606
1143,14206
1144,14867,13299
1145,14204,13437
1146,12642,13277,14188,15565
1147,14867,14355,15564
1148,14867,15214,15621,13297
1149,15298,15168,15596,14565
1150,15298,15583,15584,14482
1151,15298,15297,15601,15583
1152,15298,15534
1153,15551,15532,15566
1154,13638,15633,15579,15585
1155,13638,14885,15579,15587
1156,14701,15538,15539,12822
1157,15522,12359,15601,13563
1158,15522,13561,14060,15616
1159,15522,15632,14274,14021
1160,15564,15565,15575,15576
1161,15522,15630,15532,15144
1162,15523,15015,15582,15583
1163,14374,14377,14880,15153
1164,14992,15611,14188,14590
1165,15523,15532,15567,13075
1166,15524,15628,15578,14703
1167,15526,10316,12495,15147
1168,15526,14977,15425,15514
1169,14885,14505,14605,14679
1170,10311,14993,10396,14188
1171,15526,10311,15573,14587
1172,14884,15235,13107,14587
1173,15526,14485,14677,13297
1174,14557,14870,13322,14679
1175,15526,13563,14740,15111
1176,10232,12359,12524,14021
1177,15526,10232,14375,14377
1178,15536,12359,14743,15118
1179,15623,15163,15511,10531
1180,15526,15385,15551,15566
1181,15526,15215,14262,15118
1182,15526,15598,13755,13437
1183,14365,14207,15168,15578
1184,14356,14081,15589,15592
1185,14485,14779,15631,14615
1186,14355,15511,14603,15256
1187,15040,14262
1188,14206,15596,14578,13299
1189,14993,15612,15572,15576
1190,14356,15625,10232,14037
1191,14355,14206,14207,15534
1192,12301,15296,14188,14482
1193,12822,14703,15512,14392
1194,15566,15584,15587,15621
1195,15191,15194,10804,12021
1196,15597,10202,13277,14203
1197,14274,15578,15579,15583
1198,14204,15569
1199,13774,14576,14274,15113
1200,14355,10772,15196,15154
1201,14357,13424,15563,15565
1202,15625,15598,10195,10531
1203,15582,10532,15427,13437
1204,15623,10772,15193,14021
1205,10195,10197,15269,15128
1206,14081,15586,15588,15621
1207,15198,15296,15602,14021
1208,15304,15040
1209,14356,14642,15575,15585
1210,14357,15625,14155,15534
1211,15565,14605,14482,12495
1212,15597,10202,14207,15565
1213,12642,15608,15609,15580
1214,15587,14238,15261,15561
1215,14356,14365,12642,13277
1216,14356,15624,14603,14435
1217,14357,13955,14189,14590
1218,14356,15570,15584,15427
1219,10232,10686,15191
1220,10316,13955,15566,15582
1221,14357,10194,14375,15631
1222,14356,15214,15565,15512
1223,12642,14204,15201,15601
1224,14356,15551,14238
1225,15536,15122,10477,14432
1226,12524,14743,15533,15580
1227,10202,14081,15600,15601
1228,10396,15601,14021,15292
1229,13277,13297,10595,12496
1230,14356,10686,10289
1231,13955,15470,10532,15133
1232,14357,10195,15564
1233,13548,15470,10596
1234,14188,12053,15133
1235,15623,15191,15193,15563
1236,14357,10197,15623
1237,15563,10596,13437,15113
1238,10194,10202,14709,14037
1239,10197,15579,15135,15144
1240,13955,15128,15147
1241,15166,15564,15142
1242,10373,15561
1243,14709,15551,15322,15564
1244,14357,15284,15613,15425
1245,14357,14207,15168,15595
1246,15597,14021,15576
1247,15425,13755,13075,13561
1248,14587,14022,15154,12050
1249,14982,14379,15153,15621
1250,14982,15597,15168,13299
1251,14982,14188,14679
1252,10313,15565,15576,15583
1253,10195,14375,14377,15284
1254,10804,14432,14679,14977
1255,14170,15567,15575,14238
1256,14865,15196,14677,15512
1257,14982,10202
1258,14982,10313,15563,10606
1259,15284,15385,12052,15512
1260,15597,15587,15006,15261
1261,15597,14207,15536,13755
1262,15597,10232,14485,15436
1263,15597,15595,14736,15557
1264,15597,10032,15262
1265,14205,14206,14207,14262
1266,15597,15534,15517,14703
1267,15597,14758,15584,15463
1268,15597,15513,13755,15006
1269,15597,15040,15470,10532
1270,15536,15040,15582,13755
1271,15597,15534,14614,15006
1272,15597,10202,14037,15570
1273,15625,14758,14880,15387
1274,15625,14274,15570,15589
1275,15625,15166,15284,15560
1276,14207,15596,10396,15201
1277,10397,15201,15055,14740
1278,12301,14189,14439,15533
1279,15168,15304,15624
1280,15015,10396,15201,15425
1281,15331,15569,15574,15602
1282,12301,15602
1283,12642,10396,12301,15602
1284,15632,15534,15580,15587
1285,15398,15601,15602,14703
1286,15632,10396,12301,15296
1287,15632,14021,14022,14439
1288,12301,15602,14274,14930
1289,14365,13997,15569,14435
1290,14365,15016,15596,14022
1291,10396,10397,12301,15201
1292,15600,15601,15456,13437
1293,13996,14557,15163,15611
1294,13483,15601,15564,14679
1295,14706,14709,15197,12496
1296,14365,15632,14374,10594
1297,10288,15569,15566,15567
1298,15198,15201,14068,14588
1299,10690,15385,15322,14588
1300,12642,10232,15563,10532
1301,14709,14375,15563,15142
1302,14365,14709,14603,15147
1303,15154,10479,15570,15146
1304,14365,10197,14203,15128
1305,13997,12052,14614,15126
1306,10197,15166,14576,10595
1307,14365,13548,15154,15127
1308,14642,14587,15512,15138
1309,14365,15532,10477,12871
1310,15297,15331,15601,14022
1311,15297,12301,15602,10483
1312,15297,10311,10410,15261
1313,15331,14584,15296,15602
1314,12301,15201,15296,15537
1315,15331,15194,15600,15583
1316,15598,15166,14930,15456
1317,14021,14432,13345,14392
1318,15598,15565,15567,10532
1319,15598,10312,15533,15575
1320,15598,14576,10373
1321,15598,15154,10531
1322,15598,15623,14021,10606
1323,10772,13424,15265,15634
1324,14485,14584,15572,15573
1325,15214,15015,15536,13955
1326,15214,10194,10195,15629
1327,15214,15304,15551,15609
1328,15214,15570,15584,15621
1329,15214,14436,14677,14679
1330,15304,14614,14845,12495
1331,15040,10396,15600,15601
1332,14375,15387,15256,15558
1333,14037,10288,10032,15262
1334,14037,15536,14845,15512
1335,15214,15600,14274,14021
1336,15214,13277,15040,14612
1337,15214,10257,15579,15006
1338,15632,12642,15016,15551
1339,15214,10288,10290,15621
1340,13774,15532,14703,15512
1341,15214,10772,14576,15470
1342,15214,15511,15195,10606
1343,15215,14439,14614
1344,15215,10289,14845,12496
1345,15215,15552,13955,15517
1346,15215,14642,13322,13340
1347,13548,15532,15563,15564
1348,15215,10197,10232,15125
1349,15215,15566,15579,10533
1350,15632,14485,15436
1351,15632,14205,15587,10606
1352,15632,10484,14692,14977
1353,15633,15322,12301,14022
1354,15040,15197,15198,15601
1355,15596,15573,15631,15427
1356,15632,14037,15193,14612
1357,10289,15122,13859,14060
1358,15632,13424,15268,15269
1359,15563,15564,15565
1360,10195,10197,15193,15142
1361,10311,14993,15540,13299
1362,10195,15166
1363,10194,10195,14374,15191
1364,10194,10195,15623,14992
1365,10194,15569,15195,15144
1366,10194,13483,10479,15133
1367,10194,10312,15196,15564
1368,13483,15532,10589,12909
1369,15569,10533,10588,15145
1370,10194,10195,14188
1371,10194,10479,10606
1372,10197,14203,15144,15145
1373,10195,14865,13424,15265
1374,10194,15568,15118,15126
1375,10195,13424,15265,15566
1376,15564,15565,12909,13075
1377,14576,15566,15579,10589
1378,13774,15265,14587,10533
1379,10197,15551,15133,15145
1380,10195,15278,15574
1381,10195,15201,14677,14679
1382,10197,10232,10686,14170
1383,10195,15534,15569,14262
1384,10195,15284,10606
1385,15534,12909,13075,15125
1386,10195,15126,15137,15145
1387,10197,15016,15194,12822
1388,10197,14170,10588,10589
1389,15122,15470,15570,15144
1390,10197,14706,14274,12052
1391,10197,14203,14204,14706
1392,10202,14485,15278,15621
1393,14485,14779,15574,15631
1394,10202,13277,14081,14482
1395,15278,15569,15573,15631
1396,14203,15015,15576,15592
1397,13277,13484,15538,15540
1398,14203,14565,14758,14759
1399,15166,15624,13955,15601
1400,10202,14207,15192,10589
1401,10202,15168,15624
1402,14884,10396,14614,14979
1403,14207,15576,15589
1404,12642,15292,15532,10579
1405,13277,15163,15611,13955
1406,10202,12642,13297
1407,14203,12359,13548,15197
1408,12642,14204,15582,15591
1409,10477,10478,10479,10480
1410,14205,14206,15198,15199
1411,12642,14189,14977
1412,14238,14703,14845,15512
1413,10202,13548,13955,15456
1414,14188,15154,15532,10594
1415,12642,14578,10532,13755
1416,15191,15193,10531,12021
1417,10202,14709,15284,14482
1418,14706,15197,15566,13297
1419,13277,14706,14021,10532
1420,13548,15532,15565,12021
1421,10202,13483,10396,15601
1422,15582,15587,10594,10595
1423,14485,15436,15631,15191
1424,10290,15582,15584,15586
1425,13484,15569,10483,12054
1426,12642,15595,14578,13299
1427,12642,14203,10316,15237
1428,15454,15570,15578,15055
1429,14374,14068,15425,10594
1430,15564,15565,15566,13075
1431,13548,15569,10531,10532
1432,12642,13277,14706,14189
1433,14081,15595,15454,15196
1434,13277,14203,14706,15168
1435,14204,15196,14188,15154
1436,14203,15195,15197,15583
1437,13277,14207,15569,15573
1438,13277,12126,15585,14392
1439,15304,13548,12126,12871
1440,10232,15191,15567,10532
1441,13277,15016,14578,14603
1442,13483,13548,15571,15631
1443,13483,15163,15532,15578
1444,13548,15122,15582
1445,13548,15122,10596,12021
1446,10373,13755,12893,13340
1447,13955,14170,14188,14482
1448,13483,15122,15563,10533
1449,15192,15567,15137
1450,13483,14375,14021,15570
1451,13483,15193,14238
1452,15623,10232,13297,15006
1453,13483,15166,15621,10596
1454,15284,15197,15600,15142
1455,14642,15122,15571,15113
1456,10290,15154,15140,15144
1457,14642,13955,15191
1458,14576,12050,15566,15570
1459,14204,14709,14274,15142
1460,13483,10312,10479,15118
1461,14374,15192,15565,10533
1462,14743,15197,15600,15292
1463,14206,10373,14603,14238
1464,14485,15631
1465,15016,15534,15570,15582
1466,10396,12301,15201,15602
1467,15304,15198,15199,15601
1468,15168,15596,15608,15609
1469,15570,15578,14977,15425
1470,15015,10484,12054,14736
1471,13484,10311
1472,13484,15015,15016,14679
1473,13484,15398,15624,15199
1474,15601,13345,14392,10606
1475,14081,15016,14576,14188
1476,10396,15198,15201,14189
1477,15122,15575,15576,15587
1478,15624,14375,14379,15387
1479,15278,15571,15573,15631
1480,14205,10373,15567,14612
1481,14865,14605,14977,15558
1482,14081,15398,15596,10396
1483,14081,15016,13955,15537
1484,10288,10290,15201,15602
1485,14204,15304,10690,14759
1486,15193,15570,15575,15576
1487,14203,14709
1488,14204,15040,15559
1489,15168,15534,13299,15256
1490,14205,14207,14557,14238
1491,14205,14206,15168,15578
1492,14207,15296,15602,14612
1493,14207,12524,10484,12054
1494,14207,15398,15596,14482
1495,15296,15601,15602,14021
1496,15510,14578,15278,15572
1497,14207,15596,15537,15626
1498,14207,15168,15537,15634
1499,15166,10397,15198,15602
1500,14207,15304,15624,15540
1501,15040,10396,12496
1502,14207
1503,14207,15595,10373,10585
1504,14207,15595,15624,14886
1505,14578,15191
1506,14709,15194,15532,15115
1507,14189,15578,15621,15262
1508,15565,15133
1509,14709,15511,15621
1510,14485,15574,15631,14977
1511,15015,15537,15579,15588
1512,15534
1513,13322,14432,14679,14612
1514,15628,15292,15570,15582
1515,15015,15016,14565,12054
1516,14170,14439,10483,15427
1517,15595,10373,14482,10585
1518,14373,10316,15537,14977
1519,15166,14373,14170,13299
1520,10257,10373,14703,15425
1521,15580,15582,15584,15585
1522,15398,10373,14274,14603
1523,15623,15635,10804,13299
1524,15623,14375,14576,15292
1525,14374,13548,15563,10595
1526,15623,10533,10585
1527,15623,15569,14743,10532
1528,14170,15197,15563,15567
1529,10232,15510,15631,12074
1530,12074,14612,15425,15514
1531,14865,14870,15552,14703
1532,10232,15511,13322,12893
1533,10232,10804,14432,15558
1534,10232,13322,14679,13075
1535,14374,14375,14377,10578
1536,14926,14170,15571,14679
1537,14037,10316,15237,15621
1538,15536,14374,14377,14845
1539,14865,10312,10313,15199
1540,10232,14189,15566,15142
1541,15192,12871,15135,15146
1542,10232,12021,15110,15135
1543,10289,15611,10531,13322
1544,10290,15511
1545,10232,15551,10531
1546,10232,15163,14274,15133
1547,15385,14612,15427,15513
1548,14375,14022,15532,15533
1549,14037,10804,15006,15262
1550,14037,14614,14615,15516
1551,14037,14889,15425,10596
1552,14037,15621,15006,14886
1553,14865,15536,14439
1554,14865,14993,15612,12126
1555,15536,10257,10686,13322
1556,15536,15551,15569,15197
1557,10397,15198,15601,14587
1558,14374,14758,14880,15554
1559,10686,14374,14870,13561
1560,14374
1561,15614,10316,13548,14170
1562,13996,12359,15235,15516
1563,14870
1564,10690,15612,15533,14979
1565,10690,13578,14274,14587
1566,14374,14377,15153,15322
1567,13996,13997,12822,14234
1568,14379,15572,15631,15111
1569,13996,15040,15564,15582
1570,10289,10290,15578,15579
1571,10606,15615,15115,15138
1572,14375,14758,14870,15552
1573,12074,14614,14979,15055
1574,15608,15628,15629,15262
1575,13997,14189,10484,14692
1576,14374,14375,12524,10585
1577,15385,14779,15006
1578,15191,15192,10531
1579,13997,15192,15533,10533
1580,14155,14870,14880,10373
1581,14379,15580,14979,15055
1582,14377,14758,14845,15512
1583,14155,15554,14170,15537
1584,15193,12909,15115,15147
1585,14375,14379,15192,15566
1586,14375,14870,15470,15126
1587,14377,14557,15613,14262
1588,14377,14758,14759,15510
1589,14377,14557,14612,15256
1590,15511,15278,14603,15513
1591,15153,14993,10313,12359
1592,14557,14274,10484,12054
1593,14557,15278,15572,15427
1594,14557,10312,10313,14262
1595,14557,10316,14677,14679
1596,14170,14188,10589,15138
1597,14557,15534,14170,10606
1598,14557,15551,15566,15125
1599,14584,15572,15539,14605
1600,15533,15621,13322,14677
1601,14642,14188,14238,14614
1602,15551,15568,14188,15292
1603,15635,14274,15564,15566
1604,14926,15196,10532,15110
1605,15385,15456,15578,15516
1606,14578,14022,15533,14262
1607,15551,10396,15601,15602
1608,15554,15561,14736,15557
1609,14587,14614,14845,15512
1610,15322,15619,15425
1611,15322,10312,14779,14188
1612,15608,15628,15629,14578
1613,15608,15619,15292,15427
1614,15628,15629,15191,15292
1615,15629,15539,15626
1616,15609,15278,15574,15256
1617,15629,15621,14977,14886
1618,15055,10582,10032,15261
1619,14485,15582,15584
1620,14485,15573,15565,14612
1621,15534,14779,12871,15576
1622,15534,14262,12964,13437
1623,10288,15567,15580,15559
1624,10288,13859,14091,14740
1625,10288,14992,15122,14743
1626,10288,15195,14021,10533
1627,15194,15563,15564,10606
1628,10290,14439,10484,14692
1629,10290,15514
1630,14993,15612,10312,15569
1631,10311,15612,13322,14605
1632,10772,13424,15265,15558
1633,10772,13774,10606,15135
1634,12050,15113,15137,15146
1635,15612,14485,14614,15055
1636,14992,15567,15576
1637,15540,15570,15587,14262
1638,14993,15612,15278,15631
1639,15578,15583,15585,15589
1640,14993,15612,14576,15111
1641,14170,15191,15567,15512
1642,15611,14576,15154,15565
1643,15265,15570,15579,15585
1644,15269,15154,15262,15142
1645,15268,13955,12361,15194
1646,15269,15192,14188,15113
1647,10312,10313,15572,15631
1648,15237,12359,12074,14615
1649,10316,15040,15237,10032
1650,14926,14779,15571,15576
1651,14779,15583,15586,14262
1652,14485,15573
1653,15198,15532,12053,12964
1654,15510,15292,10547,15448
1655,15511,15539,14736,15558
1656,15511,14605,14662,15517
1657,14485,15572,15574,15006
1658,15511,14584,15572,15587
1659,15511,15563,15566
1660,14170,14485,14576,15568
1661,14779,15436,10373,14392
1662,15578,14614,15055,15515
1663,15425
1664,13548,14703,10595,12021
1665,15191,15567,15579,15586
1666,13955,10373,10478,10032
1667,13955,10483,12054,14482
1668,15570,15582,14612,14979
1669,14170,14603,15575,14703
1670,13955,15600,10533,10585
1671,14170,15580,14677,12909
1672,14578,14779,10397,14021
1673,14170,15572,14979,15427
1674,14485,15572,15631,15516
1675,14485,15572,14021,13322
1676,14485,15583,15586,14482
1677,14485,15576
1678,15569,14188,15570,15587
1679,14576,15122,12051,15115
1680,15195,12021,15137,15147
1681,15572,10477,10478,12871
1682,15568,14703,15055,15513
1683,15573,14274,14977,14736
1684,15580,14238,14845,15512
1685,14578,15122,14614,15427
1686,10532,15133
1687,14584,14779,15574,15631
1688,15122,10483,13322,14238
1689,15533,10483,12054,14979
1690,15122,15576,15583,15627
1691,15122,14432,13755,10595
1692,15278,15572,15600,14692
1693,13297,14262,15128
1694,12524,14743,15194,15147
1695,14743,10032,13755,15006
1696
1697,14189,14432,14436,15448
1698,14605,14679
1699,13299,15006,15261,15262
1700,13561,13859,14740,15111
1701,10373,15576,15584,14482
1702,14189,13297,10606,15127
1703,15565,15621,15425,10594
1704,15567,15427,15135,15145
1705,15191,12126,15533,15113
1706,15191,10596,10606
1707,10804,13322,14677,10594
1708,15201,10483
1709,14021,14189,15566,15592
1710,15626,14189,14677,15256
1711,14439,14590,15292
1712,14022,10804,14432,14679
1713,15154,14977,15425,15559
1714,15532,14432,14736,12495
1715,12054
1716,14603,15576,15591,15627
1717,15576,15578,15580,15583
1718,15565,15592,13297,10589
1719,15566,15588,15589
1720,15583,15584,15592,15514
1721,15576,13344,13345,14392
1722,15575,15582,15584,15586
1723,15575
1724,15558
1725,15512,15513,10594,15128
1726,13322,14432,14436,14679
1727,10804,14432,14677,14891
1728,10804,14232,14432,14679
1729,13705,14677,14977,14736
1730,14232,14505,15448,15256
1731,15513,15514,15558
1732,15427,15513,14060,15111
1733,10032
1734,12021,12893,13340,15256
1735,13198,14736,15557
Time = ,179412, milliseconds
